id,observed_on_string,observed_on,time_observed_at,time_zone,user_id,user_login,created_at,updated_at,quality_grade,license,url,image_url,sound_url,tag_list,description,num_identification_agreements,num_identification_disagreements,captive_cultivated,oauth_application_id,place_guess,latitude,longitude,positional_accuracy,geoprivacy,taxon_geoprivacy,coordinates_obscured,positioning_method,positioning_device,species_guess,scientific_name,common_name,iconic_taxon_name,taxon_id
1303633,2015-03-17 10:06 AM,2015-03-17,2015-03-17 17:06:00 UTC,Pacific Time (US & Canada),42662,huatulco,2015-03-19 15:57:37 UTC,2018-02-22 16:40:05 UTC,research,CC-BY-NC-SA,http://www.inaturalist.org/observations/1303633,https://static.inaturalist.org/photos/1636050/medium.jpg?1426780663,,la Crucecita,"foto: tomado en una zona residential de La Crucecita

photo taken in a residential area of La Crucecita",4,0,false,,"la crucecita, bahias de huautlco, oaxaca",15.763747,-96.140354,31,,open,false,,,great kiskadee,Pitangus sulphuratus,Great Kiskadee,Aves,16956
4153010,2016-09-18,2016-09-18,,Mexico City,107119,karen_keer,2016-09-20 03:42:37 UTC,2018-05-27 01:50:04 UTC,research,CC-BY-NC,http://www.inaturalist.org/observations/4153010,https://static.inaturalist.org/photos/4945843/medium.jpg?1474343588,https://static.inaturalist.org/sounds/8094.m4a?1502906321,"","A la especie también se le conoce como Luis Grande, Bichofue o Bicho Gritón. Especie ámpliamente distribuida en México. Es una especie residente, que se le puede encontrar por debajo de los 1800 msnm.",1,0,false,,"Atlixco, pue",18.888462,-98.434839,77,,open,false,,manual,Luis Bienteveo,Pitangus sulphuratus,Great Kiskadee,Aves,16956
4728002,2016-03-16,2016-03-16,,Central Time (US & Canada),147168,eric_keith,2016-12-07 02:58:18 UTC,2019-01-30 17:24:52 UTC,research,CC-BY-NC,http://www.inaturalist.org/observations/4728002,,https://static.inaturalist.org/sounds/8742.3gp?1503949270,"",In mesquite by old lakeshore,2,0,false,,falcon state park,26.576069,-99.148993,73,,open,false,,manual,Great Kiskadee,Pitangus sulphuratus,Great Kiskadee,Aves,16956
4939134,Thu Dec 29 2016 17:37:44 GMT-0400 (GMT-4),2016-12-29,2016-12-29 21:37:44 UTC,Georgetown,2281,cullen,2017-01-13 22:32:19 UTC,2019-01-30 17:39:44 UTC,research,CC0,https://www.inaturalist.org/observations/4939134,,https://static.inaturalist.org/sounds/10406.wav?1502925109,"",Sound recording ,4,0,false,3,"Sand Creek - Dadanawa, Catunarib, Sawariwau, GY-UT, GY",2.8696908988,-59.5274766069,5,,open,false,,"",Great Kiskadee,Pitangus sulphuratus,Great Kiskadee,Aves,16956
8856384,2017/11/18 9:43 AM PST,2017-11-18,2017-11-18 17:43:00 UTC,Pacific Time (US & Canada),16101,dpom,2017-11-19 02:14:28 UTC,2019-01-30 17:18:53 UTC,research,CC-BY-NC,https://www.inaturalist.org/observations/8856384,https://static.inaturalist.org/photos/11904072/medium.jpg?1511057597,https://static.inaturalist.org/sounds/16413.wav?1511060658,"","",8,0,false,,"Hidalgo County, TX, USA",26.1837033333,-98.380415,,,open,false,,,Great Kiskadee,Pitangus sulphuratus,Great Kiskadee,Aves,16956
10168688,2018/03/10 12:17 PM CST,2018-03-10,2018-03-10 18:17:00 UTC,Central Time (US & Canada),405175,elrayman210,2018-03-10 18:18:50 UTC,2018-03-15 00:37:43 UTC,research,CC-BY-NC,https://www.inaturalist.org/observations/10168688,,https://static.inaturalist.org/sounds/18245.mp3?1520705875,"",Platica entre 2 aves?,2,0,false,,"Coeneo, Mich., México",19.8130203205,-101.6946029663,87,,open,false,,,Bienteveo común,Pitangus sulphuratus,Great Kiskadee,Aves,16956
12621040,2018/05/13  ,2018-05-13,,Bogota,567819,simons6,2018-05-19 23:25:22 UTC,2019-05-08 18:34:52 UTC,research,,https://www.inaturalist.org/observations/12621040,,https://static.inaturalist.org/sounds/21883.x-m4a?1526772405,"","",2,0,false,,"Bajo Jordan, Cali, Valle del Cauca, Colombia",3.3651585946,-76.5523695946,31,,open,false,,,Bienteveo común,Pitangus sulphuratus,Great Kiskadee,Aves,16956
16344030,2018/09/08 7:42 AM EDT,2018-09-08,2018-09-08 11:42:00 UTC,Eastern Time (US & Canada),564321,birds_bugs_botany,2018-09-09 03:44:53 UTC,2020-02-10 04:10:21 UTC,research,CC-BY,https://www.inaturalist.org/observations/16344030,https://static.inaturalist.org/photos/24564500/medium.jpeg?1536463860,https://static.inaturalist.org/sounds/25675.mp3?1536463985,"","Continuing. First record for Canada. Heard it calling ""Kis-ka-dee"", confirming the identification. Pending acceptance by the OBRC of this species and a few other species, this could be the 500th species on the Ontario checklist. ***OBRC accepted",6,0,false,,"Rondeau Provincial Park (Marsh Trail), Chatham-Kent, Ontario, Canada",42.3133962817,-81.8523191155,29,,open,false,,,Great Kiskadee,Pitangus sulphuratus,Great Kiskadee,Aves,16956
16458200,2018/09/12 9:10 aM CDT,2018-09-12,2018-09-12 14:10:00 UTC,Central Time (US & Canada),582536,texaskingbird,2018-09-12 18:22:45 UTC,2018-12-28 18:43:55 UTC,research,CC-BY-NC,https://www.inaturalist.org/observations/16458200,,https://static.inaturalist.org/sounds/25738.wav?1536776315,"",Blue Jays and mockingbirds were also singing while I was trying to record the kiskadees. ,1,0,false,,"Sealy, TX 77474, USA",29.7792978848,-96.1683412895,323,,open,false,,,Great Kiskadee,Pitangus sulphuratus,Great Kiskadee,Aves,16956
17262105,2018/10/05 9:43 AM -05,2018-10-05,,Bogota,1252090,andresrestrepo,2018-10-06 22:52:58 UTC,2019-05-08 18:34:04 UTC,research,,https://www.inaturalist.org/observations/17262105,https://static.inaturalist.org/photos/26182717/medium.jpg?1538865002,https://static.inaturalist.org/sounds/26406.m4a?1539213396,"","",3,0,false,,"Cl. 78b ##72A-220, Medellín, Antioquia, Colombia",6.2799183,-75.5831872,134,,open,false,,,Bienteveo común,Pitangus sulphuratus,Great Kiskadee,Aves,16956
18348430,2018/11/12 7:12 AM CET,2018-11-12,2018-11-12 06:12:00 UTC,Paris,259794,jimarcor,2018-11-12 08:21:00 UTC,2018-11-13 21:46:58 UTC,research,CC-BY-NC,https://www.inaturalist.org/observations/18348430,,https://static.inaturalist.org/sounds/27329.mp3?1542010777,"","",1,0,false,,"Iputinga, Recife - State of Pernambuco, 52171-011, Brasil",-8.0471174752,-34.942951038,2,,open,false,,,Bienteveo común,Pitangus sulphuratus,Great Kiskadee,Aves,16956
18371668,2018/11/12 7:12 AM CET,2018-11-12,2018-11-12 06:12:00 UTC,Paris,259794,jimarcor,2018-11-13 14:33:19 UTC,2018-12-02 21:45:30 UTC,research,CC-BY-NC,https://www.inaturalist.org/observations/18371668,,https://static.inaturalist.org/sounds/27351.mp3?1542123225,"",Starts at 20s,1,0,false,,"Iputinga, Recife - State of Pernambuco, 52171-011, Brasil",-8.0471174752,-34.942951038,2,,open,false,,,Great Kiskadee,Pitangus sulphuratus,Great Kiskadee,Aves,16956
19080937,2018-12-15,2018-12-15,,Central Time (US & Canada),315812,plectrudis,2018-12-18 05:56:07 UTC,2018-12-20 02:47:17 UTC,research,CC-BY-NC,https://www.inaturalist.org/observations/19080937,,https://static.inaturalist.org/sounds/28405.wav?1545112556,Bentsen Rio Grande Valley State Park,"Kiskadee (maybe). 

From Bentsen Rio Grande Valley State Park",2,0,false,,Bentsen Rio Grande Valley State Park,26.185498,-98.379444,,,open,false,,"",Great Kiskadee,Pitangus sulphuratus,Great Kiskadee,Aves,16956
19080941,2018-12-15,2018-12-15,,Central Time (US & Canada),315812,plectrudis,2018-12-18 05:56:10 UTC,2019-01-30 17:02:55 UTC,research,CC-BY-NC,https://www.inaturalist.org/observations/19080941,,https://static.inaturalist.org/sounds/28409.wav?1545112564,Bentsen Rio Grande Valley State Park,"Unknown hooting bird.

From bentsen rio grande valley state park",2,0,false,,Bentsen Rio Grande Valley State Park,26.185498,-98.379444,,,open,false,,"",Great Kiskadee,Pitangus sulphuratus,Great Kiskadee,Aves,16956
19830598,2019/01/21 6:22 PM -02,2019-01-21,,Brasilia,46394,elivieira,2019-01-23 22:31:06 UTC,2019-05-16 03:45:57 UTC,research,,https://www.inaturalist.org/observations/19830598,,https://static.inaturalist.org/sounds/30463.mp3?1548282544,"",,2,0,false,,"Lagamar - State of Minas Gerais, 38785-000, Brazil",-18.1721766136,-46.794982421,8,,open,false,,,Great Kiskadee,Pitangus sulphuratus,Great Kiskadee,Aves,16956
19837895,2017/07/29 3:05 PM -03,2017-07-29,,Brasilia,46394,elivieira,2019-01-24 06:47:02 UTC,2019-01-25 03:49:59 UTC,research,,https://www.inaturalist.org/observations/19837895,https://static.inaturalist.org/photos/30582679/medium.jpeg?1548311048,https://static.inaturalist.org/sounds/30513.mp3?1548388067,"","",1,0,false,,"Lagamar - State of Minas Gerais, 38785-000, Brazil",-18.1721766136,-46.794982421,8,,open,false,,,Great Kiskadee,Pitangus sulphuratus,Great Kiskadee,Aves,16956
20984280,2019/02/02 08:50 AM -02,2019-02-02,,Bogota,749284,liuid,2019-03-06 01:27:09 UTC,2019-05-08 18:31:41 UTC,research,CC-BY-NC,https://www.inaturalist.org/observations/20984280,,https://static.inaturalist.org/sounds/31878.mp3?1551835727,"","",3,0,false,,"Necoclí, Antioquia, Colombia",8.491094234,-76.805361774,244,,open,false,,,Bienteveo común,Pitangus sulphuratus,Great Kiskadee,Aves,16956
23564364,2019/04/27 7:14 PM CDT,2019-04-27,2019-04-28 00:14:00 UTC,Mexico City,24791,charro,2019-04-28 04:15:50 UTC,2019-04-28 04:17:07 UTC,research,CC-BY-SA,https://www.inaturalist.org/observations/23564364,,https://static.inaturalist.org/sounds/36122.mp3?1556424887,"",,1,0,false,,"Morelia, Mich., México",19.6632995818,-101.2170686452,15,,open,false,,,Bienteveo común,Pitangus sulphuratus,Great Kiskadee,Aves,16956
24596312,2019/04/26 10:27 AM -0500,2019-04-26,2019-04-26 15:27:00 UTC,Quito,1341924,glendapozo,2019-05-05 16:20:52 UTC,2019-05-05 17:14:49 UTC,research,CC-BY-NC,https://www.inaturalist.org/observations/24596312,,https://static.inaturalist.org/sounds/37823.wav?1557072312,"",,1,0,false,,"Tena, Ecuador",-0.9937808649,-77.8155076015,74,,open,false,,,Bienteveo común,Pitangus sulphuratus,Great Kiskadee,Aves,16956
24596321,2019/04/27 10:27 AM -0500,2019-04-27,2019-04-27 15:27:00 UTC,Quito,1341924,glendapozo,2019-05-05 16:21:00 UTC,2019-05-06 22:04:12 UTC,research,CC-BY-NC,https://www.inaturalist.org/observations/24596321,,https://static.inaturalist.org/sounds/37831.wav?1557072949,"",,2,0,false,,"Tena, Ecuador",-0.9937808649,-77.8155076015,74,,open,false,,,Great Kiskadee,Pitangus sulphuratus,Great Kiskadee,Aves,16956
28030656,2019/06/30 1:44 PM SST,2019-06-30,2019-06-30 00:44:00 UTC,Samoa,1725748,gabriel-gh,2019-07-02 00:48:36 UTC,2019-07-02 01:50:13 UTC,research,,https://www.inaturalist.org/observations/28030656,,https://static.inaturalist.org/sounds/42595.m4a?1562028397,"",,1,0,false,,"Nacajuca, Tab., México",18.210747281,-93.0246990511,1,,open,false,,,Bienteveo común,Pitangus sulphuratus,Great Kiskadee,Aves,16956
29570778,2019/07/25 8:28 AM -03,2019-07-25,,Brasilia,1912412,josekissonde,2019-07-26 13:27:40 UTC,2019-07-29 18:33:17 UTC,research,,https://www.inaturalist.org/observations/29570778,https://static.inaturalist.org/photos/46157013/medium.jpeg?1564147421,https://static.inaturalist.org/sounds/44529.mp3?1564147823,"","Bem-Te-Vi, observado a outros de sua espécie. na região é a 4 ave mais observada por mim. No momento da foto gravei também seu chamado.",1,0,false,,"Interlagos, Vila Velha - ES, Brasil",-20.484465,-40.3510427,1148,,open,false,,,Bem-te-vi,Pitangus sulphuratus,Great Kiskadee,Aves,16956
33232206,2019-09-12,2019-09-12,,Central Time (US & Canada),181537,arrowheadspiketail58,2019-09-23 00:48:50 UTC,2019-09-26 20:08:07 UTC,research,CC-BY-NC-ND,https://www.inaturalist.org/observations/33232206,,https://static.inaturalist.org/sounds/47396.mpga?1569199730,"","Audio (two files, Carolina Wren also singing in the first file)",2,0,false,,"Santa Ana NWR, Hidalgo County TX",26.078604,-98.133473,59,,open,false,,,Great Kiskadee,Pitangus sulphuratus,Great Kiskadee,Aves,16956
34012042,2019/10/07 8:38 AM CDT,2019-10-07,2019-10-07 13:38:00 UTC,Mexico City,2240725,janlopezdobrusin,2019-10-07 14:33:44 UTC,2019-10-07 16:54:13 UTC,research,CC-BY-NC,https://www.inaturalist.org/observations/34012042,,https://static.inaturalist.org/sounds/48089.mp3?1570458777,"",,1,0,false,,"Atasta de Serra, Villahermosa, Tab., Mexique",17.9807332062,-92.9465872375,61,,open,false,,,Bienteveo común,Pitangus sulphuratus,Great Kiskadee,Aves,16956
35397295,2019-10-18 6:16:00 PM CDT,2019-10-18,2019-10-18 23:16:00 UTC,Mexico City,2240725,janlopezdobrusin,2019-11-07 03:40:52 UTC,2019-11-07 21:21:35 UTC,research,CC-BY-NC,https://www.inaturalist.org/observations/35397295,,https://static.inaturalist.org/sounds/49945.mp3?1573098054,"",,2,0,false,2,"Atasta de Serra, Villahermosa, Tab., Mexique",17.9804894,-92.9451909,22,,open,false,,,Bienteveo común,Pitangus sulphuratus,Great Kiskadee,Aves,16956
35644376,2019-11-13 1:23:08 PM GMT-03:00,2019-11-13,2019-11-13 16:23:08 UTC,Brasilia,2420215,sadbirder,2019-11-13 16:24:48 UTC,2019-11-13 16:57:45 UTC,research,,https://www.inaturalist.org/observations/35644376,,https://static.inaturalist.org/sounds/50332.wav?1573662300,"",,1,0,false,2,"Maracanã, Rio de Janeiro - RJ, 20271, Brasil",-22.9096067,-43.2241852,600,,open,false,,,Great Kiskadee,Pitangus sulphuratus,Great Kiskadee,Aves,16956
36072990,2019-11-25 6:17:12 PM GMT-03:00,2019-11-25,2019-11-25 21:17:12 UTC,Brasilia,915765,magcl,2019-11-25 21:17:54 UTC,2019-11-25 21:27:55 UTC,research,,https://www.inaturalist.org/observations/36072990,,https://static.inaturalist.org/sounds/51135.wav?1574717129,"",,1,0,false,2,"Buenos Aires, AR",-34.9643742556,-57.8460745597,16,obscured,open,true,,,Bienteveo común,Pitangus sulphuratus,Great Kiskadee,Aves,16956
36102240,2019-11-26 11:35:17 AM CST,2019-11-26,2019-11-26 21:35:17 UTC,Hawaii,722280,oscareli,2019-11-26 17:50:13 UTC,2019-12-03 19:25:04 UTC,research,,https://www.inaturalist.org/observations/36102240,,https://static.inaturalist.org/sounds/51181.wav?1574790632,"",,2,1,false,2,"Xichú, Gto., México",21.3014268,-100.0568479,36,,open,false,,,Bienteveo común,Pitangus sulphuratus,Great Kiskadee,Aves,16956
36375464,2019-12-05 6:18:07 AM CST,2019-12-05,2019-12-05 06:18:07 UTC,UTC,1376191,pmak,2019-12-05 12:19:36 UTC,2020-04-11 07:51:26 UTC,research,CC-BY-NC,https://www.inaturalist.org/observations/36375464,https://static.inaturalist.org/photos/57494357/medium.jpeg?1575548429,https://static.inaturalist.org/sounds/51777.m4a?1575548488,"",,1,0,false,2,"Soledad, San José, Costa Rica",9.931388855,-84.073059082,,,open,false,gps,gps,Great Kiskadee,Pitangus sulphuratus,Great Kiskadee,Aves,16956
36634779,2019/11/06 3:23 PM -0300,2019-11-06,2019-11-06 18:23:00 UTC,Brasilia,612949,diegoalmendras,2019-12-14 04:00:29 UTC,2019-12-14 04:33:04 UTC,research,,https://www.inaturalist.org/observations/36634779,,https://static.inaturalist.org/sounds/52737.mp3?1576295940,"",,1,0,false,,"Puerto Madero, CABA, Argentina",-34.6080626338,-58.3509635925,1266,,open,false,,,Bienteveo común,Pitangus sulphuratus,Great Kiskadee,Aves,16956
37422658,2020-01-09 7:06:02 AM GMT-03:00,2020-01-09,2020-01-09 10:06:02 UTC,Brasilia,1699754,ericfischerrempe,2020-01-09 10:07:49 UTC,2020-01-28 21:40:20 UTC,research,CC-BY-NC,https://www.inaturalist.org/observations/37422658,,https://static.inaturalist.org/sounds/54437.mp3?1578564475,"",,1,0,false,2,"Barra da Tijuca, Rio de Janeiro - RJ, 22793-580, Brasil",-23.0055637,-43.3834535,82,,open,false,,,Bem-te-vi,Pitangus sulphuratus,Great Kiskadee,Aves,16956
38001602,2020-01-26 3:22:10 PM CST,2020-01-26,2020-01-26 15:22:10 UTC,UTC,1303829,marumontes,2020-01-26 21:25:10 UTC,2020-02-04 00:33:30 UTC,research,,https://www.inaturalist.org/observations/38001602,https://static.inaturalist.org/photos/60331624/medium.jpg?1580073914,https://static.inaturalist.org/sounds/56579.m4a?1580776407,"",,1,0,false,2,"Rincón de las Huertas, Santa Catarina, N.L., México",25.6797993749,-100.4582420737,33,,open,false,gps,gps,Bienteveo común,Pitangus sulphuratus,Great Kiskadee,Aves,16956
38117123,2020-01-30 7:48:00 AM GMT-05:00,2020-01-30,2020-01-30 12:48:00 UTC,Bogota,212623,carlosrangel-biocis,2020-01-30 12:48:42 UTC,2020-04-14 23:57:13 UTC,research,CC-BY-NC,https://www.inaturalist.org/observations/38117123,,https://static.inaturalist.org/sounds/56188.m4a?1580388527,"",,2,0,false,2,"Provincia de Cartagena, Bolívar, Colombia",10.5550338466,-75.447473824,308,,open,false,gps,gps,Bienteveo común,Pitangus sulphuratus,Great Kiskadee,Aves,16956
38190942,2020-02-01 1:56:00 PM CST,2020-02-01,2020-02-01 19:56:00 UTC,Guadalajara,1266681,benodelacruz,2020-02-01 19:56:45 UTC,2020-02-09 03:38:34 UTC,research,,https://www.inaturalist.org/observations/38190942,,https://static.inaturalist.org/sounds/56365.m4a?1580587014,"",Canto del Bienteveo. ,3,0,false,2,"Zapotlán del Rey, Jal., México",20.398149583,-102.9266200215,33,,open,false,gps,gps,Bienteveo común,Pitangus sulphuratus,Great Kiskadee,Aves,16956
39446713,2020-03-02 6:46:17 AM GMT-05:00,2020-03-02,2020-03-02 11:46:17 UTC,Bogota,2607893,javer2,2020-03-02 12:07:28 UTC,2020-04-14 23:56:06 UTC,research,,https://www.inaturalist.org/observations/39446713,,https://static.inaturalist.org/sounds/59599.m4a?1583150853,"",Bichofue ,2,0,false,2,"Puerto Colombia, Atlántico, Colombia",11.0215303177,-74.8498250846,4,,open,false,,,Great Kiskadee,Pitangus sulphuratus,Great Kiskadee,Aves,16956
39446717,2020-03-02 6:49:43 AM GMT-05:00,2020-03-02,2020-03-02 11:49:43 UTC,Bogota,2607893,javer2,2020-03-02 12:07:36 UTC,2020-04-14 23:56:05 UTC,research,,https://www.inaturalist.org/observations/39446717,,https://static.inaturalist.org/sounds/59600.m4a?1583150861,"",Bichofue,2,0,false,2,"Puerto Colombia, Atlántico, Colombia",11.0215251845,-74.8493651646,4,,open,false,,,Great Kiskadee,Pitangus sulphuratus,Great Kiskadee,Aves,16956
39448163,2020-03-02 8:16:31 AM GMT-05:00,2020-03-02,2020-03-02 13:16:31 UTC,America/New_York,2593886,santiago_rincon_vallejo,2020-03-02 13:17:46 UTC,2020-04-14 23:56:04 UTC,research,CC-BY-NC,https://www.inaturalist.org/observations/39448163,,https://static.inaturalist.org/sounds/59605.mp3?1583155069,"",,2,0,false,2,"Puerto Colombia, Atlántico, Colombia",11.02245761,-74.84957536,7,,open,false,,,Bienteveo común,Pitangus sulphuratus,Great Kiskadee,Aves,16956
39448194,2020-03-02 8:18:19 AM GMT-05:00,2020-03-02,2020-03-02 13:18:19 UTC,Lima,2614848,vilmaojedavega,2020-03-02 13:19:32 UTC,2020-04-14 23:55:58 UTC,research,CC-BY-NC,https://www.inaturalist.org/observations/39448194,,https://static.inaturalist.org/sounds/59606.wav?1583155178,"","Ave macho atrayendo hembra
",3,0,false,2,"Unnamed Road, Barranquilla, Atlántico, Colombia",11.0191409,-74.8494338,1200,,open,false,,,Bienteveo común,Pitangus sulphuratus,Great Kiskadee,Aves,16956
39933071,2020/03/13 11:45 AM -0600,2020-03-13,2020-03-13 17:45:00 UTC,Mexico City,85026,homerobeunicus,2020-03-13 18:15:35 UTC,2020-04-04 02:47:11 UTC,research,,https://www.inaturalist.org/observations/39933071,,https://static.inaturalist.org/sounds/61429.wav?1584123281,Aves de México,,1,0,false,,"Benito Juárez Nte, Coatzacoalcos, Ver., México",18.1405578285,-94.4467777406,2,,open,false,,,Great Kiskadee,Pitangus sulphuratus,Great Kiskadee,Aves,16956
40813531,2020-03-27,2020-03-27,,UTC,2648080,alejandra-cruz,2020-03-27 13:59:50 UTC,2020-06-13 21:02:11 UTC,research,,https://www.inaturalist.org/observations/40813531,https://static.inaturalist.org/photos/64701508/medium.jpeg?1585317607,https://static.inaturalist.org/sounds/64240.m4a?1585317746,"",Observación 2 individuos,5,0,false,2,"Jenesano, Boyacá, Colombia",5.3967356723,-73.3626236022,9,,open,false,gps,gps,Great Kiskadee,Pitangus sulphuratus,Great Kiskadee,Aves,16956
40856017,Fri Mar 27 2020 17:53:51 GMT-0600 (CST),2020-03-27,2020-03-27 23:53:51 UTC,Mexico City,2674658,serret,2020-03-28 01:38:56 UTC,2020-04-12 17:48:48 UTC,research,CC-BY-NC,https://www.inaturalist.org/observations/40856017,https://static.inaturalist.org/photos/64771306/medium.jpg?1585359565,https://static.inaturalist.org/sounds/64437.m4a?1585398883,"",,2,0,false,3,"Calle Samarkanda, Villahermosa, TAB, MX",18.0091638833,-92.94545,,,open,false,,,Bienteveo común,Pitangus sulphuratus,Great Kiskadee,Aves,16956
40898756,2014/09/29 8:30 AM CST,2014-09-29,2014-09-29 14:30:00 UTC,Central America,737498,fcodubon,2020-03-28 17:59:14 UTC,2020-04-12 17:51:18 UTC,research,CC-BY-NC,https://www.inaturalist.org/observations/40898756,,https://static.inaturalist.org/sounds/64542.mp3?1585414955,"",,1,0,false,,"Palmerola, Honduras",14.3866955876,-87.6153062384,31,,open,false,,,Great Kiskadee,Pitangus sulphuratus,Great Kiskadee,Aves,16956
40898779,2014/11/06 5:39 AM CST,2014-11-06,2014-11-06 11:39:00 UTC,Central America,737498,fcodubon,2020-03-28 17:59:24 UTC,2020-04-16 18:46:44 UTC,research,CC-BY-NC,https://www.inaturalist.org/observations/40898779,,https://static.inaturalist.org/sounds/64551.mp3?1585414971,"",,2,1,false,,"Residencial Santa Monica, San Pedro Sula 21102, Honduras",15.5628767468,-88.0010448958,15,,open,false,,,Great Kiskadee,Pitangus sulphuratus,Great Kiskadee,Aves,16956
40898792,2014/11/15 12:58 PM CST,2014-11-15,2014-11-15 18:58:00 UTC,Central America,737498,fcodubon,2020-03-28 17:59:32 UTC,2020-04-15 01:35:02 UTC,research,CC-BY-NC,https://www.inaturalist.org/observations/40898792,,https://static.inaturalist.org/sounds/64559.mp3?1585414986,"",,1,0,false,,"Sector Lago de Yojoa, Honduras",14.8574382578,-87.9551934741,31,,open,false,,,Great Kiskadee,Pitangus sulphuratus,Great Kiskadee,Aves,16956
40902713,2015/01/02 8:25 AM CST,2015-01-02,2015-01-02 14:25:00 UTC,Central America,737498,fcodubon,2020-03-28 18:51:30 UTC,2020-04-15 01:29:49 UTC,research,CC-BY-NC,https://www.inaturalist.org/observations/40902713,,https://static.inaturalist.org/sounds/64602.mp3?1585419121,"",,1,0,false,,"Colonia Universidad, San Pedro Sula 21102, Honduras",15.5261092518,-88.0260315238,8,,open,false,,,Great Kiskadee,Pitangus sulphuratus,Great Kiskadee,Aves,16956
40902752,2015/01/29 3:16 PM CST,2015-01-29,2015-01-29 21:16:00 UTC,Central America,737498,fcodubon,2020-03-28 18:51:43 UTC,2020-04-16 18:44:29 UTC,research,CC-BY-NC,https://www.inaturalist.org/observations/40902752,,https://static.inaturalist.org/sounds/64616.mp3?1585419149,"",,2,1,false,,"Residencial Santa Monica, San Pedro Sula 21102, Honduras",15.5633479047,-88.0009174347,122,,open,false,,,Great Kiskadee,Pitangus sulphuratus,Great Kiskadee,Aves,16956
40931144,2018/01/06 4:30 PM CST,2018-01-06,2018-01-06 22:30:00 UTC,Central America,737498,fcodubon,2020-03-29 00:55:01 UTC,2020-04-15 01:19:00 UTC,research,CC-BY-NC,https://www.inaturalist.org/observations/40931144,,https://static.inaturalist.org/sounds/64806.mp3?1585432614,"",,1,0,false,,"Residencial Santa Monica, San Pedro Sula 21102, Honduras",15.5620995455,-88.0005789045,61,,open,false,,,Great Kiskadee,Pitangus sulphuratus,Great Kiskadee,Aves,16956
41069164,2020-03-30 6:12:48 PM GMT-03:00,2020-03-30,2020-03-30 21:12:48 UTC,Brasilia,1699754,ericfischerrempe,2020-03-30 21:16:34 UTC,2020-04-12 17:47:38 UTC,research,CC-BY-NC,https://www.inaturalist.org/observations/41069164,,https://static.inaturalist.org/sounds/65485.mp3?1585602999,"",,2,0,false,2,"SH Grande Colorado Condomínio Mansões Colorado - Sobradinho, Brasília - DF, 70297-400, Brasil",-15.6726714655,-47.8565200791,6,,open,false,gps,gps,Bem-te-vi,Pitangus sulphuratus,Great Kiskadee,Aves,16956
41352302,2020-04-04 6:52:23 AM GMT-03:00,2020-04-04,2020-04-04 09:52:23 UTC,Brasilia,2711888,sandra687,2020-04-04 09:57:20 UTC,2020-04-05 00:59:11 UTC,research,,https://www.inaturalist.org/observations/41352302,,https://static.inaturalist.org/sounds/66360.wav?1585994248,"",,2,0,false,2,"D. Pombo 3261, San Andres, Buenos Aires, Argentina",-34.56564289,-58.54419844,8,,open,false,,,Great Kiskadee,Pitangus sulphuratus,Great Kiskadee,Aves,16956
41823051,2020-04-10 9:02:19 AM GMT-05:00,2020-04-10,2020-04-10 14:02:19 UTC,Bogota,2732947,bryanbz10,2020-04-10 14:05:17 UTC,2020-06-13 23:47:17 UTC,research,,https://www.inaturalist.org/observations/41823051,,https://static.inaturalist.org/sounds/68788.mp3?1586527520,"",Canto de diferentes aves,2,0,false,2,"Lorena, Medellín, Medellin, Antioquia, Colombia",6.2464734,-75.6002489,24,,open,false,,,Bienteveo común,Pitangus sulphuratus,Great Kiskadee,Aves,16956
42044323,2020/04/11 6:40 AM CST,2020-04-11,2020-04-11 12:40:00 UTC,Central America,737498,fcodubon,2020-04-12 22:57:39 UTC,2020-04-12 23:34:27 UTC,research,CC-BY-NC,https://www.inaturalist.org/observations/42044323,,https://static.inaturalist.org/sounds/69748.wav?1586730817,"",,1,0,false,,"Sector 1 Nor-Oeste, San Pedro Sula, Honduras",15.5683147687,-87.9966744337,122,,open,false,,,Great Kiskadee,Pitangus sulphuratus,Great Kiskadee,Aves,16956
42337546,2020/04/15 11:02 AM CST,2020-04-15,2020-04-15 17:02:00 UTC,Central America,324671,golfodulceretreat,2020-04-16 20:02:38 UTC,2020-04-18 03:17:10 UTC,research,CC-BY-NC,https://www.inaturalist.org/observations/42337546,https://static.inaturalist.org/photos/67217776/medium.jpg?1587066939,https://static.inaturalist.org/sounds/70797.wav?1587067274,"","yellow crown patch visible on last photo, otherwise concealed. frequent visitor to our garden.",4,1,false,,"Playa San Josecito, Provincia de Puntarenas, Golfito, Costa Rica",8.657157,-83.254387,210,,open,false,,,Bienteveo común,Pitangus sulphuratus,Great Kiskadee,Aves,16956
42440176,2020/04/12 07:05 AM -0300,2020-04-12,2020-04-12 10:05:00 UTC,Buenos Aires,1111470,leoleiva,2020-04-18 02:06:23 UTC,2020-04-18 03:07:04 UTC,research,CC-BY-NC-ND,https://www.inaturalist.org/observations/42440176,,https://static.inaturalist.org/sounds/71190.mp3?1587175540,"",,2,0,false,,"Colón 2130, Santo Tome (Dpto. La Capital), Santa Fe, Argentina",-31.6681287711,-60.7643775721,4,,open,false,,,Bienteveo común,Pitangus sulphuratus,Great Kiskadee,Aves,16956
43064127,2020-04-24 9:39:42 AM GMT-03:00,2020-04-24,2020-04-24 12:39:42 UTC,Brasilia,2819851,valeria290,2020-04-24 12:43:46 UTC,2020-06-22 03:08:09 UTC,research,,https://www.inaturalist.org/observations/43064127,,https://static.inaturalist.org/sounds/73848.m4a?1587732232,"",Tercer observación. Canto de aves,2,0,false,2,"Córdoba, Argentina",-31.437005,-64.16312949,9,,open,false,,,Bienteveo común,Pitangus sulphuratus,Great Kiskadee,Aves,16956
43068106,2020-04-24 10:11:07 AM GMT-03:00,2020-04-24,2020-04-24 13:11:07 UTC,Brasilia,2819851,valeria290,2020-04-24 13:15:54 UTC,2020-04-24 17:52:25 UTC,research,,https://www.inaturalist.org/observations/43068106,,https://static.inaturalist.org/sounds/73880.m4a?1587734159,"",Cuarta observación. Canto  benteveo,3,0,false,2,"Córdoba, Argentina",-31.43697016,-64.16291622,9,,open,false,,,Bienteveo común,Pitangus sulphuratus,Great Kiskadee,Aves,16956
43100243,2020-04-24 12:55:09 PM GMT-03:00,2020-04-24,2020-04-24 15:55:09 UTC,Brasilia,2830138,pablotarchini,2020-04-24 15:56:03 UTC,2020-05-01 01:59:00 UTC,research,,https://www.inaturalist.org/observations/43100243,,https://static.inaturalist.org/sounds/74027.m4a?1587743768,"",,2,0,false,2,"San Carlos, Buenos Aires, Argentina",-34.951585,-58.00222,9,,open,false,,,Bienteveo común,Pitangus sulphuratus,Great Kiskadee,Aves,16956
43310502,2020-04-25 10:02:00 AM GMT-03:00,2020-04-25,2020-04-25 13:02:00 UTC,Buenos Aires,301307,ezequielvera,2020-04-25 13:02:45 UTC,2020-04-25 13:07:49 UTC,research,CC-BY-NC,https://www.inaturalist.org/observations/43310502,,https://static.inaturalist.org/sounds/74982.wav?1587819799,"",,1,0,false,2,"Metrobus - Nazca, Buenos Aires, Argentina",-34.6177057396,-58.4753718227,66,,open,false,gps,gps,Bienteveo común,Pitangus sulphuratus,Great Kiskadee,Aves,16956
43442958,2020-04-25 3:48:57 PM CDT,2020-04-25,2020-04-25 20:48:57 UTC,Central Time (US & Canada),2517569,dianehall,2020-04-25 20:50:10 UTC,2020-04-25 21:01:32 UTC,research,CC-BY-NC,https://www.inaturalist.org/observations/43442958,,https://static.inaturalist.org/sounds/75570.wav?1587847816,"",,1,0,false,2,"Texas, US",26.16757259,-97.9008234973,40,obscured,open,true,,,Bienteveo común,Pitangus sulphuratus,Great Kiskadee,Aves,16956
43491099,2020-04-25 4:55:00 PM EST,2020-04-25,2020-04-25 20:55:00 UTC,Eastern Time (US & Canada),2168508,euclidesrn,2020-04-25 23:50:52 UTC,2020-06-14 00:19:28 UTC,research,,https://www.inaturalist.org/observations/43491099,,https://static.inaturalist.org/sounds/75742.m4a?1587858667,"",Pechiamarillo,3,0,false,2,La Candelaria,8.4411585378,-80.4924367368,2789,,open,false,gps,gps,Great Kiskadee,Pitangus sulphuratus,Great Kiskadee,Aves,16956
43504373,2020-04-25,2020-04-25,,UTC,2726315,cinthia27,2020-04-26 00:52:37 UTC,2020-06-14 00:19:20 UTC,research,CC-BY-NC,https://www.inaturalist.org/observations/43504373,,https://static.inaturalist.org/sounds/75817.m4a?1587862362,"",,4,0,false,2,La Polonia Ocú,7.9499676432,-80.7046903297,349,,open,false,gps,gps,Great Kiskadee,Pitangus sulphuratus,Great Kiskadee,Aves,16956
43592509,2020-04-26 6:30:00 AM EST,2020-04-26,2020-04-26 10:30:00 UTC,Eastern Time (US & Canada),2825846,raquelsanchez,2020-04-26 12:04:12 UTC,2020-06-14 00:18:39 UTC,research,CC-BY-NC,https://www.inaturalist.org/observations/43592509,,https://static.inaturalist.org/sounds/76202.mpga?1587902657,"",Su canto se escucho a los 30 segundos. ,2,0,false,2,"Antón, Panamá",8.5017126582,-80.1809316874,158,,open,false,gps,gps,Great Kiskadee,Pitangus sulphuratus,Great Kiskadee,Aves,16956
43660999,2020/04/22 5:39 PM CDT,2020-04-22,2020-04-22 22:39:00 UTC,Guadalajara,267232,susybio,2020-04-26 16:57:11 UTC,2020-06-14 00:18:09 UTC,research,CC-BY-NC,https://www.inaturalist.org/observations/43660999,https://static.inaturalist.org/photos/69257836/medium.jpeg?1587920223,https://static.inaturalist.org/sounds/76605.mp3?1587920500,"","",2,0,false,,"Santa Elena, 47487 Lagos de Moreno, Jal., México",21.3468390417,-101.9281667593,31,,open,false,,,Bienteveo común,Pitangus sulphuratus,Great Kiskadee,Aves,16956
43711438,2020-04-26 4:55:55 PM GMT-03:00,2020-04-26,2020-04-26 19:55:55 UTC,Brasilia,2625567,gustavo274,2020-04-26 19:56:07 UTC,2020-06-14 00:18:05 UTC,research,,https://www.inaturalist.org/observations/43711438,,https://static.inaturalist.org/sounds/76933.wav?1587930974,"",,3,0,false,2,"São José dos Pinhais, BR-PR, BR",-25.49466433,-49.17966145,7,,open,false,,,Bem-te-vi,Pitangus sulphuratus,Great Kiskadee,Aves,16956
43910786,2020-04-27 10:38:00 AM EST,2020-04-27,2020-04-27 14:38:00 UTC,Eastern Time (US & Canada),2168508,euclidesrn,2020-04-27 15:38:33 UTC,2020-06-14 00:17:10 UTC,research,,https://www.inaturalist.org/observations/43910786,,https://static.inaturalist.org/sounds/77774.m4a?1588001954,"",,2,0,false,2,La Candelaria,8.4411585378,-80.4924367368,2789,,open,false,gps,gps,Bienteveo común,Pitangus sulphuratus,Great Kiskadee,Aves,16956
43973900,2020-04-27 5:06:25 PM GMT-03:00,2020-04-27,2020-04-27 20:06:25 UTC,Buenos Aires,393948,mordano,2020-04-27 20:07:13 UTC,2020-06-14 00:16:31 UTC,research,CC-BY-NC,https://www.inaturalist.org/observations/43973900,,https://static.inaturalist.org/sounds/78179.wav?1588024784,"",en árbol,2,0,false,2,"Departamento Yerba Buena, Tucumán, Argentina",-26.80401711,-65.31954525,6,,open,false,,,Bienteveo común,Pitangus sulphuratus,Great Kiskadee,Aves,16956
44016424,2020-04-27 5:43:18 PM EST,2020-04-27,2020-04-27 21:43:18 UTC,Eastern Time (US & Canada),2795074,analizbarriabultron,2020-04-27 23:06:08 UTC,2020-06-14 00:16:23 UTC,research,,https://www.inaturalist.org/observations/44016424,,https://static.inaturalist.org/sounds/78252.m4a?1588028771,"",,4,0,false,2,"Ave. Central y Calle 10 de noviemre, La Villa de Los Santos, Panama, Parque Rufina Alfaro. hacia Oxford School, Tel. 507 69218269, La Villa de Los Santos, Panamá",7.9353615,-80.4092653,17,,open,false,,,Great Kiskadee,Pitangus sulphuratus,Great Kiskadee,Aves,16956
44449848,2020/04/30 5:46 PM -0500,2020-04-30,2020-04-30 22:46:00 UTC,Bogota,67003,blakesito,2020-05-01 06:20:08 UTC,2020-06-14 00:13:50 UTC,research,CC-BY-NC,https://www.inaturalist.org/observations/44449848,,https://static.inaturalist.org/sounds/80673.wav?1588313864,"",,2,0,false,,"Santa María Huatulco, Oax., México",15.7602957856,-96.1312600728,488,,open,false,,,Bienteveo común,Pitangus sulphuratus,Great Kiskadee,Aves,16956
44542108,2020-05-01 7:18:33 PM CDT,2020-05-01,2020-05-01 19:18:33 UTC,UTC,2873828,zentella,2020-05-02 01:11:50 UTC,2020-05-06 20:44:16 UTC,research,,https://www.inaturalist.org/observations/44542108,https://static.inaturalist.org/photos/70621284/medium.jpeg?1588382953,https://static.inaturalist.org/sounds/81310.m4a?1588381920,"",,4,0,false,2,"Córdoba, Residencial la Salle, Córdoba, Ver., México",18.9032776,-96.9650047,12,,open,false,,,Great Kiskadee,Pitangus sulphuratus,Great Kiskadee,Aves,16956
44668989,2020-04-15 7:59:00 PM CDT,2020-04-15,2020-04-16 00:59:00 UTC,Monterrey,17047,adriananelly,2020-05-03 00:31:57 UTC,2020-06-14 00:13:17 UTC,research,CC-BY,https://www.inaturalist.org/observations/44668989,,https://static.inaturalist.org/sounds/82009.wav?1588465920,"",,3,0,false,2,"Valle del Contry 2o Sector, 67174 Guadalupe, N.L., Mexico",25.6579683691,-100.2630583942,132,,open,false,gps,gps,Bienteveo común,Pitangus sulphuratus,Great Kiskadee,Aves,16956
44724398,2020/05/02 1:04 PM CDT,2020-05-02,2020-05-02 18:04:00 UTC,Mexico City,62883,d99,2020-05-03 13:39:34 UTC,2020-06-14 00:13:09 UTC,research,CC-BY-NC,https://www.inaturalist.org/observations/44724398,https://static.inaturalist.org/photos/70902520/medium.jpeg?1588512672,https://static.inaturalist.org/sounds/82301.m4a?1588512706,"","Buscando material para hacer su nido en un poste de luz.

Observación con audio.",3,0,false,,"Tulum, Q.R., México",20.2787669313,-87.3819078189,31,,open,false,,,Great Kiskadee,Pitangus sulphuratus,Great Kiskadee,Aves,16956
45020638,2019/09/13 6:26 AM -0300,2019-09-13,2019-09-13 09:26:00 UTC,Buenos Aires,2485502,ivanfedericoebrecht,2020-05-05 22:17:02 UTC,2020-06-14 00:11:23 UTC,research,CC-BY-NC,https://www.inaturalist.org/observations/45020638,,https://static.inaturalist.org/sounds/83874.wav?1588716970,"",,4,0,false,,"Misiones, Argentina",-26.630297,-54.0997752,300,,open,false,,,Bienteveo común,Pitangus sulphuratus,Great Kiskadee,Aves,16956
45523292,2020-05-10 10:30:00 AM GMT-05:00,2020-05-10,2020-05-10 15:30:00 UTC,Bogota,2898971,tracyandacht,2020-05-10 20:30:26 UTC,2020-06-14 00:08:57 UTC,research,,https://www.inaturalist.org/observations/45523292,,https://static.inaturalist.org/sounds/86485.wav?1589142642,"",Bird call - the squeaky one in the forground,3,0,false,2,"Colón, Panama",9.3661514925,-79.9563764781,69,,open,false,gps,gps,Great Kiskadee,Pitangus sulphuratus,Great Kiskadee,Aves,16956
45526774,2020-05-10 10:40:00 AM GMT-05:00,2020-05-10,2020-05-10 14:40:00 UTC,America/New_York,2898971,tracyandacht,2020-05-10 20:57:18 UTC,2020-06-14 00:08:58 UTC,research,,https://www.inaturalist.org/observations/45526774,,https://static.inaturalist.org/sounds/86509.wav?1589144255,"",Bird calls in the forest edge,4,0,false,2,"Colón, Panama",9.3646929641,-79.9577682093,44,,open,false,gps,gps,Bienteveo común,Pitangus sulphuratus,Great Kiskadee,Aves,16956
45965681,2020-05-15 8:06:17 AM GMT-05:00,2020-05-15,2020-05-15 13:06:17 UTC,Bogota,2963271,natalybedoyasalazar,2020-05-15 13:09:37 UTC,2020-06-15 14:35:23 UTC,research,,https://www.inaturalist.org/observations/45965681,,https://static.inaturalist.org/sounds/88722.wav?1589548183,"",,3,0,false,2,"San Jose, Envigado, Antioquia, Colombia",6.1591433333,-75.582305,6,,open,false,,,Bienteveo común,Pitangus sulphuratus,Great Kiskadee,Aves,16956
46035387,2020/05/13 3:50 PM -0500,2020-05-13,2020-05-13 19:50:00 UTC,America/New_York,85026,homerobeunicus,2020-05-16 01:05:48 UTC,2020-06-14 00:05:43 UTC,research,,https://www.inaturalist.org/observations/46035387,,https://static.inaturalist.org/sounds/89045.wav?1589591043,Aves de México,,3,0,false,,"Benito Juárez Nte, Coatzacoalcos, Ver., México",18.1406912745,-94.4467943322,4,,open,false,,,Great Kiskadee,Pitangus sulphuratus,Great Kiskadee,Aves,16956
46645296,2018/09/24 2:39 PM -0300,2018-09-24,2018-09-24 17:39:00 UTC,Brasilia,1533260,mariafjb,2020-05-20 20:39:25 UTC,2020-06-14 00:04:05 UTC,research,CC-BY-NC,https://www.inaturalist.org/observations/46645296,,https://static.inaturalist.org/sounds/92499.mp3?1590007088,"",,3,0,false,,"Boqueirão, Praia Grande - SP, Brasil",-24.0031854273,-46.419027819,1119,,open,false,,,Great Kiskadee,Pitangus sulphuratus,Great Kiskadee,Aves,16956
47167397,2020-05-24 8:50:00 AM CDT,2020-05-24,2020-05-24 13:50:00 UTC,Central Time (US & Canada),1061734,luismtyor,2020-05-24 19:49:02 UTC,2020-06-14 00:03:21 UTC,research,,https://www.inaturalist.org/observations/47167397,,https://static.inaturalist.org/sounds/95420.wav?1590349756,"",,2,0,false,2,"Gral Zuazua, N.L., México",25.9096505237,-100.1364004612,44,,open,false,gps,gps,Great Kiskadee,Pitangus sulphuratus,Great Kiskadee,Aves,16956
48045205,2020-05-31 10:45:00 AM EST,2020-05-31,2020-05-31 14:45:00 UTC,Eastern Time (US & Canada),2898971,tracyandacht,2020-05-31 21:36:37 UTC,2020-06-13 23:59:47 UTC,research,,https://www.inaturalist.org/observations/48045205,,https://static.inaturalist.org/sounds/100019.wav?1590961010,"",6 single bird calls.,4,0,false,2,"Colón, Panama",9.3675517932,-79.9540607259,50,,open,false,gps,gps,Great Kiskadee,Pitangus sulphuratus,Great Kiskadee,Aves,16956
48532603,2020-06-05 9:30:00 AM GMT-03:00,2020-06-05,2020-06-05 12:30:00 UTC,Brasilia,2558932,natanfreitas,2020-06-05 13:07:37 UTC,2020-06-13 23:54:16 UTC,research,,https://www.inaturalist.org/observations/48532603,,https://static.inaturalist.org/sounds/102382.wav?1591362463,"",,2,0,false,2,Brazil,-4.9446557333,-37.9758776352,17,,open,false,gps,gps,Bienteveo común,Pitangus sulphuratus,Great Kiskadee,Aves,16956
49634513,2020-06-14 11:13:00 AM CDT,2020-06-14,2020-06-14 16:13:00 UTC,Central Time (US & Canada),1061734,luismtyor,2020-06-14 20:44:10 UTC,2020-06-15 23:04:10 UTC,research,,https://www.inaturalist.org/observations/49634513,,https://static.inaturalist.org/sounds/107534.wav?1592167465,"",,2,0,false,2,"Gral Zuazua, N.L., México",25.9110733487,-100.1387202367,88,,open,false,gps,gps,Bienteveo común,Pitangus sulphuratus,Great Kiskadee,Aves,16956
50188778,2020-06-19 5:33:11 PM GMT-03:00,2020-06-19,2020-06-19 20:33:11 UTC,Brasilia,2503750,alessandroabreu,2020-06-19 20:34:56 UTC,2020-06-21 22:56:12 UTC,research,,https://www.inaturalist.org/observations/50188778,,https://static.inaturalist.org/sounds/109493.wav?1592598915,"","",1,0,false,2,"Jardim Lancaster, Foz do Iguaçu - PR, Brasil",-25.49413794,-54.56518123,15,,open,false,,,Pitangus sulphuratus,Pitangus sulphuratus,Great Kiskadee,Aves,16956
50189132,2020-06-19 5:35:52 PM GMT-03:00,2020-06-19,2020-06-19 20:35:52 UTC,Brasilia,2503750,alessandroabreu,2020-06-19 20:37:42 UTC,2020-06-22 02:05:01 UTC,research,,https://www.inaturalist.org/observations/50189132,,https://static.inaturalist.org/sounds/109496.wav?1592599068,"","",2,0,false,2,"Foz do Iguaçu, BR-PR, BR",-25.4940557,-54.5655406,15,,open,false,,,Pitangus sulphuratus,Pitangus sulphuratus,Great Kiskadee,Aves,16956
50268010,2020-06-14 8:29:00 AM CDT,2020-06-14,2020-06-14 13:29:00 UTC,Central Time (US & Canada),1061734,luismtyor,2020-06-20 14:19:17 UTC,2020-06-22 02:03:11 UTC,research,,https://www.inaturalist.org/observations/50268010,,https://static.inaturalist.org/sounds/109742.wav?1592662764,"",,1,0,false,2,"Gral Zuazua, N.L., México",25.9022752624,-100.1285724342,22,,open,false,gps,gps,Bienteveo común,Pitangus sulphuratus,Great Kiskadee,Aves,16956
